SET row_security = off;


DO $$
DECLARE
    v_ts timestamptz := now();  

BEGIN
-- Auth users
INSERT INTO "auth"."users" ("instance_id","id","aud","role","email","encrypted_password","email_confirmed_at","invited_at","confirmation_token","confirmation_sent_at","recovery_token","recovery_sent_at","email_change_token_new","email_change","email_change_sent_at","last_sign_in_at","raw_app_meta_data","raw_user_meta_data","is_super_admin","created_at","updated_at","phone","phone_confirmed_at","phone_change","phone_change_token","phone_change_sent_at","email_change_token_current","email_change_confirm_status","banned_until","reauthentication_token","reauthentication_sent_at","is_sso_user","deleted_at","is_anonymous") VALUES
('00000000-0000-0000-0000-000000000000','bb661f86-5cac-47b4-b446-1b13380ba69d','authenticated','authenticated','admin@company.com','$2a$10$oxlC35hRS7Z5CwzeMAf3z.WAYqdCGWf.nhR838ytXlFzv6aRUBvWe',v_ts,NULL,'Confirmed0',NULL,'',NULL,'','',NULL,v_ts,'{"provider":"email","providers":["email"]}','{"email_verified":true}',FALSE,'2026-04-16 15:41:37.346471+00','2026-04-25 10:41:19.754376+00',NULL,NULL,'','',NULL,'',0,NULL,'',NULL,false,NULL,false),
('00000000-0000-0000-0000-000000000000','00000000-0000-0000-0001-000000000001','authenticated','authenticated','augustin@ibm.com','$2a$10$oxlC35hRS7Z5CwzeMAf3z.WAYqdCGWf.nhR838ytXlFzv6aRUBvWe',v_ts,NULL,'Confirmed1',NULL,'',NULL,'','',NULL,v_ts,'{"provider":"email","providers":["email"]}','{"email_verified":true}',FALSE,'2026-04-24 10:52:00.000000+00','2026-04-25 10:52:00.000000+00','07000000001',NULL,'','',NULL,'',0,NULL,'',NULL,false,NULL,false),
('00000000-0000-0000-0000-000000000000','00000000-0000-0000-0002-000000000002','authenticated','authenticated','aquinas@microsoft.com','$2a$10$oxlC35hRS7Z5CwzeMAf3z.WAYqdCGWf.nhR838ytXlFzv6aRUBvWe',v_ts,NULL,'Confirmed2',NULL,'',NULL,'','',NULL,v_ts,'{"provider":"email","providers":["email"]}','{"email_verified":true}',FALSE,'2026-04-24 10:52:10.000000+00','2026-04-25 10:52:10.000000+00','07000000002',NULL,'','',NULL,'',0,NULL,'',NULL,false,NULL,false),
('00000000-0000-0000-0000-000000000000','00000000-0000-0000-0003-000000000003','authenticated','authenticated','luther@apple.com','$2a$10$oxlC35hRS7Z5CwzeMAf3z.WAYqdCGWf.nhR838ytXlFzv6aRUBvWe',v_ts,NULL,'Confirmed3',NULL,'',NULL,'','',NULL,v_ts,'{"provider":"email","providers":["email"]}','{"email_verified":true}',FALSE,'2026-04-24 10:52:20.000000+00','2026-04-25 10:52:20.000000+00','07000000003',NULL,'','',NULL,'',0,NULL,'',NULL,false,NULL,false),
('00000000-0000-0000-0000-000000000000','00000000-0000-0000-0004-000000000004','authenticated','authenticated','calvin@google.com','$2a$10$oxlC35hRS7Z5CwzeMAf3z.WAYqdCGWf.nhR838ytXlFzv6aRUBvWe',v_ts,NULL,'Confirmed4',NULL,'',NULL,'','',NULL,v_ts,'{"provider":"email","providers":["email"]}','{"email_verified":true}',FALSE,'2026-04-24 10:52:30.000000+00','2026-04-25 10:52:30.000000+00','07000000004',NULL,'','',NULL,'',0,NULL,'',NULL,false,NULL,false),
('00000000-0000-0000-0000-000000000000','00000000-0000-0000-0005-000000000005','authenticated','authenticated','wesley@amazon.com','$2a$10$oxlC35hRS7Z5CwzeMAf3z.WAYqdCGWf.nhR838ytXlFzv6aRUBvWe',v_ts,NULL,'Confirmed5',NULL,'',NULL,'','',NULL,v_ts,'{"provider":"email","providers":["email"]}','{"email_verified":true}',FALSE,'2026-04-24 10:52:40.000000+00','2026-04-25 10:52:40.000000+00','07000000005',NULL,'','',NULL,'',0,NULL,'',NULL,false,NULL,false),
('00000000-0000-0000-0000-000000000000','40000000-0000-0000-0000-000000000001','authenticated','authenticated','michael.jordan@ibm.com','$2a$10$oxlC35hRS7Z5CwzeMAf3z.WAYqdCGWf.nhR838ytXlFzv6aRUBvWe',v_ts,NULL,'Confirmed6',NULL,'',NULL,'','',NULL,v_ts,'{"provider":"email","providers":["email"]}','{"email_verified":true}',FALSE,'2026-04-24 10:53:00.000000+00','2026-04-25 10:53:00.000000+00','07000000011',NULL,'','',NULL,'',0,NULL,'',NULL,false,NULL,false),
('00000000-0000-0000-0000-000000000000','40000000-0000-0000-0000-000000000002','authenticated','authenticated','serena.williams@ibm.com','$2a$10$oxlC35hRS7Z5CwzeMAf3z.WAYqdCGWf.nhR838ytXlFzv6aRUBvWe',v_ts,NULL,'Confirmed7',NULL,'',NULL,'','',NULL,v_ts,'{"provider":"email","providers":["email"]}','{"email_verified":true}',FALSE,'2026-04-24 10:53:10.000000+00','2026-04-25 10:53:10.000000+00','07000000012',NULL,'','',NULL,'',0,NULL,'',NULL,false,NULL,false),
('00000000-0000-0000-0000-000000000000','40000000-0000-0000-0000-000000000003','authenticated','authenticated','tom.brady@ibm.com','$2a$10$oxlC35hRS7Z5CwzeMAf3z.WAYqdCGWf.nhR838ytXlFzv6aRUBvWe',v_ts,NULL,'Confirmed8',NULL,'',NULL,'','',NULL,v_ts,'{"provider":"email","providers":["email"]}','{"email_verified":true}',FALSE,'2026-04-24 10:53:20.000000+00','2026-04-25 10:53:20.000000+00','07000000013',NULL,'','',NULL,'',0,NULL,'',NULL,false,NULL,false),
('00000000-0000-0000-0000-000000000000','40000000-0000-0000-0000-000000000004','authenticated','authenticated','lebron.james@ibm.com','$2a$10$oxlC35hRS7Z5CwzeMAf3z.WAYqdCGWf.nhR838ytXlFzv6aRUBvWe',v_ts,NULL,'Confirmed9',NULL,'',NULL,'','',NULL,v_ts,'{"provider":"email","providers":["email"]}','{"email_verified":true}',FALSE,'2026-04-24 10:53:30.000000+00','2026-04-25 10:53:30.000000+00','07000000014',NULL,'','',NULL,'',0,NULL,'',NULL,false,NULL,false),
('00000000-0000-0000-0000-000000000000','41000000-0000-0000-0000-000000000001','authenticated','authenticated','am.hardware@ibm.com','$2a$10$oxlC35hRS7Z5CwzeMAf3z.WAYqdCGWf.nhR838ytXlFzv6aRUBvWe',v_ts,NULL,'Confirmed10',NULL,'',NULL,'','',NULL,v_ts,'{"provider":"email","providers":["email"]}','{"email_verified":true}',FALSE,'2026-04-24 10:54:00.000000+00','2026-04-25 10:54:00.000000+00','07000000021',NULL,'','',NULL,'',0,NULL,'',NULL,false,NULL,false),
('00000000-0000-0000-0000-000000000000','41000000-0000-0000-0000-000000000002','authenticated','authenticated','am.software@ibm.com','$2a$10$oxlC35hRS7Z5CwzeMAf3z.WAYqdCGWf.nhR838ytXlFzv6aRUBvWe',v_ts,NULL,'Confirmed11',NULL,'',NULL,'','',NULL,v_ts,'{"provider":"email","providers":["email"]}','{"email_verified":true}',FALSE,'2026-04-24 10:54:10.000000+00','2026-04-25 10:54:10.000000+00','07000000022',NULL,'','',NULL,'',0,NULL,'',NULL,false,NULL,false),
('00000000-0000-0000-0000-000000000000','41000000-0000-0000-0000-000000000003','authenticated','authenticated','am.research@ibm.com','$2a$10$oxlC35hRS7Z5CwzeMAf3z.WAYqdCGWf.nhR838ytXlFzv6aRUBvWe',v_ts,NULL,'Confirmed12',NULL,'',NULL,'','',NULL,v_ts,'{"provider":"email","providers":["email"]}','{"email_verified":true}',FALSE,'2026-04-24 10:54:20.000000+00','2026-04-25 10:54:20.000000+00','07000000023',NULL,'','',NULL,'',0,NULL,'',NULL,false,NULL,false),
('00000000-0000-0000-0000-000000000000','41000000-0000-0000-0000-000000000004','authenticated','authenticated','am.services@ibm.com','$2a$10$oxlC35hRS7Z5CwzeMAf3z.WAYqdCGWf.nhR838ytXlFzv6aRUBvWe',v_ts,NULL,'Confirmed13',NULL,'',NULL,'','',NULL,v_ts,'{"provider":"email","providers":["email"]}','{"email_verified":true}',FALSE,'2026-04-24 10:54:30.000000+00','2026-04-25 10:54:30.000000+00','07000000024',NULL,'','',NULL,'',0,NULL,'',NULL,false,NULL,false),
('00000000-0000-0000-0000-000000000000','41100000-0000-0000-0000-000000000001','authenticated','authenticated','staff.hardware1@ibm.com','$2a$10$oxlC35hRS7Z5CwzeMAf3z.WAYqdCGWf.nhR838ytXlFzv6aRUBvWe',v_ts,NULL,'Confirmed14',NULL,'',NULL,'','',NULL,v_ts,'{"provider":"email","providers":["email"]}','{"email_verified":true}',FALSE,'2026-04-24 10:55:00.000000+00','2026-04-25 10:55:00.000000+00','07000000031',NULL,'','',NULL,'',0,NULL,'',NULL,false,NULL,false),
('00000000-0000-0000-0000-000000000000','41100000-0000-0000-0000-000000000002','authenticated','authenticated','staff.hardware2@ibm.com','$2a$10$oxlC35hRS7Z5CwzeMAf3z.WAYqdCGWf.nhR838ytXlFzv6aRUBvWe',v_ts,NULL,'Confirmed15',NULL,'',NULL,'','',NULL,v_ts,'{"provider":"email","providers":["email"]}','{"email_verified":true}',FALSE,'2026-04-24 10:55:10.000000+00','2026-04-25 10:55:10.000000+00','07000000032',NULL,'','',NULL,'',0,NULL,'',NULL,false,NULL,false),
('00000000-0000-0000-0000-000000000000','41100000-0000-0000-0000-000000000003','authenticated','authenticated','staff.hardware3@ibm.com','$2a$10$oxlC35hRS7Z5CwzeMAf3z.WAYqdCGWf.nhR838ytXlFzv6aRUBvWe',v_ts,NULL,'Confirmed16',NULL,'',NULL,'','',NULL,v_ts,'{"provider":"email","providers":["email"]}','{"email_verified":true}',FALSE,'2026-04-24 10:55:20.000000+00','2026-04-25 10:55:20.000000+00','07000000033',NULL,'','',NULL,'',0,NULL,'',NULL,false,NULL,false),
('00000000-0000-0000-0000-000000000000','41100000-0000-0000-0000-000000000004','authenticated','authenticated','staff.hardware4@ibm.com','$2a$10$oxlC35hRS7Z5CwzeMAf3z.WAYqdCGWf.nhR838ytXlFzv6aRUBvWe',v_ts,NULL,'Confirmed17',NULL,'',NULL,'','',NULL,v_ts,'{"provider":"email","providers":["email"]}','{"email_verified":true}',FALSE,'2026-04-24 10:55:30.000000+00','2026-04-25 10:55:30.000000+00','07000000034',NULL,'','',NULL,'',0,NULL,'',NULL,false,NULL,false),
('00000000-0000-0000-0000-000000000000','41100000-0000-0000-0000-000000000005','authenticated','authenticated','staff.hardware5@ibm.com','$2a$10$oxlC35hRS7Z5CwzeMAf3z.WAYqdCGWf.nhR838ytXlFzv6aRUBvWe',v_ts,NULL,'Confirmed18',NULL,'',NULL,'','',NULL,v_ts,'{"provider":"email","providers":["email"]}','{"email_verified":true}',FALSE,'2026-04-24 10:55:40.000000+00','2026-04-25 10:55:40.000000+00','07000000035',NULL,'','',NULL,'',0,NULL,'',NULL,false,NULL,false),
('00000000-0000-0000-0000-000000000000','41100000-0000-0000-0000-000000000006','authenticated','authenticated','staff.hardware6@ibm.com','$2a$10$oxlC35hRS7Z5CwzeMAf3z.WAYqdCGWf.nhR838ytXlFzv6aRUBvWe',v_ts,NULL,'Confirmed19',NULL,'',NULL,'','',NULL,v_ts,'{"provider":"email","providers":["email"]}','{"email_verified":true}',FALSE,'2026-04-24 10:55:50.000000+00','2026-04-25 10:55:50.000000+00','07000000036',NULL,'','',NULL,'',0,NULL,'',NULL,false,NULL,false),
('00000000-0000-0000-0000-000000000000','41100000-0000-0000-0000-000000000007','authenticated','authenticated','staff.hardware7@ibm.com','$2a$10$oxlC35hRS7Z5CwzeMAf3z.WAYqdCGWf.nhR838ytXlFzv6aRUBvWe',v_ts,NULL,'Confirmed20',NULL,'',NULL,'','',NULL,v_ts,'{"provider":"email","providers":["email"]}','{"email_verified":true}',FALSE,'2026-04-24 10:56:00.000000+00','2026-04-25 10:56:00.000000+00','07000000037',NULL,'','',NULL,'',0,NULL,'',NULL,false,NULL,false);
-- Repeat similar inserts for other divisions (software, research, services) staff and sales omitted for brevity

-- Entities
INSERT INTO "public"."entities" ("id","name","code","is_active","created_by","created_at","updated_at") VALUES
('00000000-0000-0000-0000-000000000001','IBM','IBM',true,'bb661f86-5cac-47b4-b446-1b13380ba69d',v_ts,v_ts),
('00000000-0000-0000-0000-000000000002','Microsoft','MSFT',true,'bb661f86-5cac-47b4-b446-1b13380ba69d',v_ts,v_ts),
('00000000-0000-0000-0000-000000000003','Apple','APL',true,'bb661f86-5cac-47b4-b446-1b13380ba69d',v_ts,v_ts),
('00000000-0000-0000-0000-000000000004','Google','GOOG',true,'bb661f86-5cac-47b4-b446-1b13380ba69d',v_ts,v_ts),
('00000000-0000-0000-0000-000000000005','Amazon','AMZN',true,'bb661f86-5cac-47b4-b446-1b13380ba69d',v_ts,v_ts);

SET session_replication_role = 'replica'; --disable foreign keys. Needed for reciprocal foreign key requirements
-- User profiles
UPDATE public.user_profiles AS up
SET
    phone        = v.phone,
    role         = v.role::public.role_enum,
    division_id  = v.division_id::uuid,
    entity_id    = v.entity_id::uuid,
    manager_id   = v.manager_id::uuid
FROM (
    VALUES
        ('bb661f86-5cac-47b4-b446-1b13380ba69d', NULL, 'admin', NULL, NULL, NULL),
        ('00000000-0000-0000-0001-000000000001', '07000000001', 'head', NULL, '00000000-0000-0000-0000-000000000001', NULL),
        ('00000000-0000-0000-0002-000000000002', '07000000002', 'head', NULL, '00000000-0000-0000-0000-000000000002', NULL),
        ('00000000-0000-0000-0003-000000000003', '07000000003', 'head', NULL, '00000000-0000-0000-0000-000000000003', NULL),
        ('00000000-0000-0000-0004-000000000004', '07000000004', 'head', NULL, '00000000-0000-0000-0000-000000000004', NULL),
        ('00000000-0000-0000-0005-000000000005', '07000000005', 'head', NULL, '00000000-0000-0000-0000-000000000005', NULL),

        ('40000000-0000-0000-0000-000000000001', '07000000011', 'manager', '10000000-0000-0000-0000-000000000001', '00000000-0000-0000-0000-000000000001', NULL),
        ('40000000-0000-0000-0000-000000000002', '07000000012', 'manager', '10000000-0000-0000-0000-000000000002', '00000000-0000-0000-0000-000000000001', NULL),
        ('40000000-0000-0000-0000-000000000003', '07000000013', 'manager', '10000000-0000-0000-0000-000000000003', '00000000-0000-0000-0000-000000000001', NULL),
        ('40000000-0000-0000-0000-000000000004', '07000000014', 'manager', '10000000-0000-0000-0000-000000000004', '00000000-0000-0000-0000-000000000001', NULL),

        ('41000000-0000-0000-0000-000000000001', '07000000021', 'account_manager', '10000000-0000-0000-0000-000000000001', '00000000-0000-0000-0000-000000000001', '40000000-0000-0000-0000-000000000001'),
        ('41000000-0000-0000-0000-000000000002', '07000000022', 'account_manager', '10000000-0000-0000-0000-000000000002', '00000000-0000-0000-0000-000000000001', '40000000-0000-0000-0000-000000000002'),
        ('41000000-0000-0000-0000-000000000003', '07000000023', 'account_manager', '10000000-0000-0000-0000-000000000003', '00000000-0000-0000-0000-000000000001', '40000000-0000-0000-0000-000000000003'),
        ('41000000-0000-0000-0000-000000000004', '07000000024', 'account_manager', '10000000-0000-0000-0000-000000000004', '00000000-0000-0000-0000-000000000001', '40000000-0000-0000-0000-000000000004'),

        /* Staff & Sales – Hardware division */
        ('41100000-0000-0000-0000-000000000001', '07000000031', 'staff',  '10000000-0000-0000-0000-000000000001', '00000000-0000-0000-0000-000000000001', '40000000-0000-0000-0000-000000000001'),
        ('41100000-0000-0000-0000-000000000002', '07000000032', 'staff',  '10000000-0000-0000-0000-000000000001', '00000000-0000-0000-0000-000000000001', '40000000-0000-0000-0000-000000000001'),
        ('41100000-0000-0000-0000-000000000003', '07000000033', 'staff',  '10000000-0000-0000-0000-000000000001', '00000000-0000-0000-0000-000000000001', '40000000-0000-0000-0000-000000000001'),
        ('41100000-0000-0000-0000-000000000004', '07000000034', 'staff',  '10000000-0000-0000-0000-000000000001', '00000000-0000-0000-0000-000000000001', '40000000-0000-0000-0000-000000000001'),
        ('41100000-0000-0000-0000-000000000005', '07000000035', 'staff',  '10000000-0000-0000-0000-000000000001', '00000000-0000-0000-0000-000000000001', '40000000-0000-0000-0000-000000000001'),
        ('41100000-0000-0000-0000-000000000006', '07000000036', 'staff',  '10000000-0000-0000-0000-000000000001', '00000000-0000-0000-0000-000000000001', '40000000-0000-0000-0000-000000000001'),
        ('41100000-0000-0000-0000-000000000007', '07000000037', 'staff',  '10000000-0000-0000-0000-000000000001', '00000000-0000-0000-0000-000000000001', '40000000-0000-0000-0000-000000000001')
) AS v(user_id, phone, role, division_id, entity_id, manager_id)
WHERE up.user_id = v.user_id::uuid;
-- (Similar inserts for Software, Research, Services divisions omitted for brevity)

-- Manager team members
INSERT INTO "public"."manager_team_members" ("manager_id","account_manager_id","created_at") VALUES
('40000000-0000-0000-0000-000000000001','41000000-0000-0000-0000-000000000001',v_ts),
('40000000-0000-0000-0000-000000000002','41000000-0000-0000-0000-000000000002',v_ts),
('40000000-0000-0000-0000-000000000003','41000000-0000-0000-0000-000000000003',v_ts),
('40000000-0000-0000-0000-000000000004','41000000-0000-0000-0000-000000000004',v_ts);

-- Divisions
INSERT INTO "public"."divisions" ("id","name","code","description","manager_id","is_active","created_at","updated_at","head_id","entity_id") VALUES
('10000000-0000-0000-0000-000000000001','Hardware','HW','IBM Hardware','40000000-0000-0000-0000-000000000001',true,v_ts,v_ts,'00000000-0000-0000-0001-000000000001','00000000-0000-0000-0000-000000000001'),
('10000000-0000-0000-0000-000000000002','Software','SW','IBM Software','40000000-0000-0000-0000-000000000002',true,v_ts,v_ts,'00000000-0000-0000-0001-000000000001','00000000-0000-0000-0000-000000000001'),
('10000000-0000-0000-0000-000000000003','Research','RS','IBM Research','40000000-0000-0000-0000-000000000003',true,v_ts,v_ts,'00000000-0000-0000-0001-000000000001','00000000-0000-0000-0000-000000000001'),
('10000000-0000-0000-0000-000000000004','Services','SV','IBM Services','40000000-0000-0000-0000-000000000004',true,v_ts,v_ts,'00000000-0000-0000-0001-000000000001','00000000-0000-0000-0000-000000000001'),
('20000000-0000-0000-0000-000000000001','Windows','WIN','Microsoft Windows',NULL,true,v_ts,v_ts,'00000000-0000-0000-0002-000000000002','00000000-0000-0000-0000-000000000002'),
('20000000-0000-0000-0000-000000000002','Office','OFF','Microsoft Office',NULL,true,v_ts,v_ts,'00000000-0000-0000-0002-000000000002','00000000-0000-0000-0000-000000000002'),
('20000000-0000-0000-0000-000000000003','Azure','AZR','Microsoft Azure',NULL,true,v_ts,v_ts,'00000000-0000-0000-0002-000000000002','00000000-0000-0000-0000-000000000002'),
('20000000-0000-0000-0000-000000000004','Gaming','GAM','Microsoft Gaming',NULL,true,v_ts,v_ts,'00000000-0000-0000-0002-000000000002','00000000-0000-0000-0000-000000000002'),
('30000000-0000-0000-0000-000000000001','Hardware','HW','Apple Hardware',NULL,true,v_ts,v_ts,'00000000-0000-0000-0003-000000000003','00000000-0000-0000-0000-000000000003'),
('30000000-0000-0000-0000-000000000002','Software','SW','Apple Software',NULL,true,v_ts,v_ts,'00000000-0000-0000-0003-000000000003','00000000-0000-0000-0000-000000000003'),
('30000000-0000-0000-0000-000000000003','Services','SV','Apple Services',NULL,true,v_ts,v_ts,'00000000-0000-0000-0003-000000000003','00000000-0000-0000-0000-000000000003'),
('30000000-0000-0000-0000-000000000004','Retail','RT','Apple Retail',NULL,true,v_ts,v_ts,'00000000-0000-0000-0003-000000000003','00000000-0000-0000-0000-000000000003'),
('40000000-0000-0000-0000-000000000001','Search','SR','Google Search',NULL,true,v_ts,v_ts,'00000000-0000-0000-0004-000000000004','00000000-0000-0000-0000-000000000004'),
('40000000-0000-0000-0000-000000000002','Ads','AD','Google Ads',NULL,true,v_ts,v_ts,'00000000-0000-0000-0004-000000000004','00000000-0000-0000-0000-000000000004'),
('40000000-0000-0000-0000-000000000003','Cloud','CL','Google Cloud',NULL,true,v_ts,v_ts,'00000000-0000-0000-0004-000000000004','00000000-0000-0000-0000-000000000004'),
('40000000-0000-0000-0000-000000000004','YouTube','YT','Google YouTube',NULL,true,v_ts,v_ts,'00000000-0000-0000-0004-000000000004','00000000-0000-0000-0000-000000000004'),
('50000000-0000-0000-0000-000000000001','E-commerce','EC','Amazon E-commerce',NULL,true,v_ts,v_ts,'00000000-0000-0000-0005-000000000005','00000000-0000-0000-0000-000000000005'),
('50000000-0000-0000-0000-000000000002','AWS','AWS','Amazon AWS',NULL,true,v_ts,v_ts,'00000000-0000-0000-0005-000000000005','00000000-0000-0000-0000-000000000005'),
('50000000-0000-0000-0000-000000000003','Prime','PR','Amazon Prime',NULL,true,v_ts,v_ts,'00000000-0000-0000-0005-000000000005','00000000-0000-0000-0000-000000000005'),
('50000000-0000-0000-0000-000000000004','Alexa','AX','Amazon Alexa',NULL,true,v_ts,v_ts,'00000000-0000-0000-0005-000000000005','00000000-0000-0000-0000-000000000005');

-- Contacts for IBM Hardware division
INSERT INTO "public"."contacts" ("id","name","email","phone","company","notes","owner_id","user_id","status","approved_at","approved_by","created_at","updated_at") VALUES
('60000000-0000-0000-0000-000000000001','William Shakespeare','shakespeare@example.com','07000010001',NULL,'Prolific playwright and poet of the Elizabethan era.','41000000-0000-0000-0000-000000000001','41000000-0000-0000-0000-000000000001','active',NULL,NULL,v_ts,v_ts),
('60000000-0000-0000-0000-000000000002','Jane Austen','austen@example.com','07000010002',NULL,'Known for her keen social observations in novels such as Pride and Prejudice.','41000000-0000-0000-0000-000000000001','41000000-0000-0000-0000-000000000001','inactive',NULL,NULL,v_ts,v_ts),
('60000000-0000-0000-0000-000000000003','Mark Twain','twain@example.com','07000010003',NULL,'Author of The Adventures of Tom Sawyer and Huckleberry Finn.','41000000-0000-0000-0000-000000000001','41000000-0000-0000-0000-000000000001','inactive',NULL,NULL,v_ts,v_ts),
('60000000-0000-0000-0000-000000000004','Charles Dickens','dickens@example.com','07000010004',NULL,'Famous for Dickensian characters in A Tale of Two Cities.','41000000-0000-0000-0000-000000000001','41000000-0000-0000-0000-000000000001','inactive',NULL,NULL,v_ts,v_ts),
('60000000-0000-0000-0000-000000000005','Ernest Hemingway','hemingway@example.com','07000010005',NULL,'Known for sparse prose style in The Old Man and the Sea.','41000000-0000-0000-0000-000000000001','41000000-0000-0000-0000-000000000001','inactive',NULL,NULL,v_ts,v_ts),
('60000000-0000-0000-0000-000000000006','Virginia Woolf','woolf@example.com','07000010006',NULL,'Modernist writer known for stream of consciousness technique.','41000000-0000-0000-0000-000000000001','41000000-0000-0000-0000-000000000001','active',NULL,NULL,v_ts,v_ts),
('60000000-0000-0000-0000-000000000007','George Orwell','orwell@example.com','07000010007',NULL,'Author of 1984 and Animal Farm, critiquing totalitarianism.','41000000-0000-0000-0000-000000000001','41000000-0000-0000-0000-000000000001','inactive',NULL,NULL,v_ts,v_ts),
('60000000-0000-0000-0000-000000000008','Albert Camus','camus@example.com','07000010008',NULL,'Philosophical writer of The Stranger, exploring absurdism.','41000000-0000-0000-0000-000000000001','41000000-0000-0000-0000-000000000001','inactive',NULL,NULL,v_ts,v_ts),
('60000000-0000-0000-0000-000000000009','Leo Tolstoy','tolstoy@example.com','07000010009',NULL,'Epic novelist of War and Peace, exploring human nature.','41000000-0000-0000-0000-000000000001','41000000-0000-0000-0000-000000000001','active',NULL,NULL,v_ts,v_ts),
('60000000-0000-0000-0000-000000000010','William Faulkner','faulkner@example.com','07000010010',NULL,'Innovative use of narrative in The Sound and the Fury.','41000000-0000-0000-0000-000000000001','41000000-0000-0000-0000-000000000001','inactive',NULL,NULL,v_ts,v_ts),
('60000000-0000-0000-0000-000000000011','T.S. Eliot','eliot@example.com','07000010011',NULL,'Modernist poet of The Waste Land.','41000000-0000-0000-0000-000000000001','41000000-0000-0000-0000-000000000001','inactive',NULL,NULL,v_ts,v_ts),
('60000000-0000-0000-0000-000000000012','James Joyce','joyce@example.com','07000010012',NULL,'Known for Ulysses, experimental narrative style.','41000000-0000-0000-0000-000000000001','41000000-0000-0000-0000-000000000001','inactive',NULL,NULL,v_ts,v_ts),
('60000000-0000-0000-0000-000000000013','Isaac Newton','isaac.newton@example.com','07000010013',NULL,'Formulated the laws of motion and universal gravitation, laying the groundwork for classical physics.','41000000-0000-0000-0000-000000000002','41000000-0000-0000-0000-000000000002','inactive',NULL,NULL,v_ts,v_ts),
('60000000-0000-0000-0000-000000000014','Marie Curie','marie.curie@example.com','07000010014',NULL,'Pioneer of radioactivity and first woman to win a Nobel Prize, she advanced both science and women’s rights.','41000000-0000-0000-0000-000000000002','41000000-0000-0000-0000-000000000002','inactive',NULL,NULL,v_ts,v_ts),
('60000000-0000-0000-0000-000000000015','Leonardo da Vinci','leonardo.davinci@example.com','07000010015',NULL,'A true polymath whose genius spanned art, science, engineering, and anatomy.','41000000-0000-0000-0000-000000000002','41000000-0000-0000-0000-000000000002','active',NULL,NULL,v_ts,v_ts),
('60000000-0000-0000-0000-000000000016','Michelangelo','michelangelo@example.com','07000010016',NULL,'Master sculptor of David and painter of the Sistine Chapel ceiling, he defined Renaissance artistry.','41000000-0000-0000-0000-000000000002','41000000-0000-0000-0000-000000000002','inactive',NULL,NULL,v_ts,v_ts),
('60000000-0000-0000-0000-000000000017','Johann Wolfgang von Goethe','goethe@example.com','07000010017',NULL,'German writer and statesman, his “Faust” remains a cornerstone of world literature.','41000000-0000-0000-0000-000000000002','41000000-0000-0000-0000-000000000002','inactive',NULL,NULL,v_ts,v_ts),
('60000000-0000-0000-0000-000000000018','Emily Brontë','emily.bronte@example.com','07000010018',NULL,'Author of Wuthering Heights, her work explored passion, isolation, and the natural world.','41000000-0000-0000-0000-000000000002','41000000-0000-0000-0000-000000000002','inactive',NULL,NULL,v_ts,v_ts),
('60000000-0000-0000-0000-000000000019','Edgar Allan Poe','edgar.poe@example.com','07000010019',NULL,'Father of the short story and detective fiction, he delved into the macabre and the mind.','41000000-0000-0000-0000-000000000002','41000000-0000-0000-0000-000000000002','inactive',NULL,NULL,v_ts,v_ts),
('60000000-0000-0000-0000-000000000020','Frida Kahlo','frida.kahlo@example.com','07000010020',NULL,'Mexican painter known for her vivid self‑portraits that confronted gender, class, and identity.','41000000-0000-0000-0000-000000000002','41000000-0000-0000-0000-000000000002','inactive',NULL,NULL,v_ts,v_ts),
('60000000-0000-0000-0000-000000000021','Nelson Mandela','nelson.mandela@example.com','07000010021',NULL,'Anti‑apartheid revolutionary and South Africa’s first black president, he championed reconciliation.','41000000-0000-0000-0000-000000000002','41000000-0000-0000-0000-000000000002','active',NULL,NULL,v_ts,v_ts),
('60000000-0000-0000-0000-000000000022','Martin Luther King Jr.','martin.king@example.com','07000010022',NULL,'Civil rights leader whose “I Have a Dream” speech remains a symbol of hope and equality.','41000000-0000-0000-0000-000000000002','41000000-0000-0000-0000-000000000002','inactive',NULL,NULL,v_ts,v_ts),
('60000000-0000-0000-0000-000000000023','Mother Teresa','mother.teresa@example.com','07000010023',NULL,'Missionary and humanitarian, she founded the Missionaries of Charity and received the Nobel Peace Prize.','41000000-0000-0000-0000-000000000002','41000000-0000-0000-0000-000000000002','inactive',NULL,NULL,v_ts,v_ts),
('60000000-0000-0000-0000-000000000024','Mahatma Gandhi','mahatma.gandhi@example.com','07000010024',NULL,'Leader of Indian independence, he pioneered non‑violent civil disobedience.','41000000-0000-0000-0000-000000000002','41000000-0000-0000-0000-000000000002','inactive',NULL,NULL,v_ts,v_ts),
('60000000-0000-0000-0000-000000000025','Abraham Lincoln','abraham.lincoln@example.com','07000010025',NULL,'12th U.S. President, he issued the Emancipation Proclamation and preserved the Union.','41000000-0000-0000-0000-000000000003','41000000-0000-0000-0000-000000000003','inactive',NULL,NULL,v_ts,v_ts),
('60000000-0000-0000-0000-000000000026','George Washington','george.washington@example.com','07000010026',NULL,'First U.S. President and commander‑in‑chief of the Continental Army, he set many presidential precedents.','41000000-0000-0000-0000-000000000003','41000000-0000-0000-0000-000000000003','inactive',NULL,NULL,v_ts,v_ts),
('60000000-0000-0000-0000-000000000027','Benjamin Franklin','benjamin.franklin@example.com','07000010027',NULL,'Polymath, inventor of the lightning rod, and a Founding Father of the United States.','41000000-0000-0000-0000-000000000003','41000000-0000-0000-0000-000000000003','active',NULL,NULL,v_ts,v_ts),
('60000000-0000-0000-0000-000000000028','Alexander the Great','alexander.thegreat@example.com','07000010028',NULL,'King of Macedon who created one of the largest empires of the ancient world.','41000000-0000-0000-0000-000000000003','41000000-0000-0000-0000-000000000003','inactive',NULL,NULL,v_ts,v_ts),
('60000000-0000-0000-0000-000000000029','Julius Caesar','julius.caesar@example.com','07000010029',NULL,'Roman general and statesman whose crossing of the Rubicon altered the Roman Republic forever.','41000000-0000-0000-0000-000000000003','41000000-0000-0000-0000-000000000003','active',NULL,NULL,v_ts,v_ts),
('60000000-0000-0000-0000-000000000030','Cleopatra','cleopatra@example.com','07000010030',NULL,'Last pharaoh of Egypt, renowned for her intelligence, political acumen, and complex relationships.','41000000-0000-0000-0000-000000000003','41000000-0000-0000-0000-000000000003','inactive',NULL,NULL,v_ts,v_ts),
('60000000-0000-0000-0000-000000000031','Genghis Khan','genghis.khan@example.com','07000010031',NULL,'Founder of the Mongol Empire, he united the nomadic tribes and expanded his realm across Asia and Europe.','41000000-0000-0000-0000-000000000003','41000000-0000-0000-0000-000000000003','inactive',NULL,NULL,v_ts,v_ts),
('60000000-0000-0000-0000-000000000032','Pablo Picasso','pablo.picasso@example.com','07000010032',NULL,'Co‑founder of Cubism, his prolific output reshaped modern art.','41000000-0000-0000-0000-000000000003','41000000-0000-0000-0000-000000000003','inactive',NULL,NULL,v_ts,v_ts),
('60000000-0000-0000-0000-000000000033','Vincent van Gogh','vincent.vangogh@example.com','07000010033',NULL,'Post‑Impressionist whose expressive brushwork created timeless works like Starry Night.','41000000-0000-0000-0000-000000000003','41000000-0000-0000-0000-000000000003','active',NULL,NULL,v_ts,v_ts),
('60000000-0000-0000-0000-000000000034','William Wordsworth','william.wordsworth@example.com','07000010034',NULL,'English Romantic poet who, with Coleridge, published “Lyrical Ballads.”','41000000-0000-0000-0000-000000000003','41000000-0000-0000-0000-000000000003','inactive',NULL,NULL,v_ts,v_ts),
('60000000-0000-0000-0000-000000000035','John Keats','john.keats@example.com','07000010035',NULL,'Romantic poet best known for “Ode to a Nightingale” and his exploration of beauty.','41000000-0000-0000-0000-000000000003','41000000-0000-0000-0000-000000000003','inactive',NULL,NULL,v_ts,v_ts),
('60000000-0000-0000-0000-000000000036','Robert Frost','robert.frost@example.com','07000010036',NULL,'American poet celebrated for his rural themes and deceptively simple language.','41000000-0000-0000-0000-000000000003','41000000-0000-0000-0000-000000000003','inactive',NULL,NULL,v_ts,v_ts),
('60000000-0000-0000-0000-000000000037','Jane Goodall','jane.goodall@example.com','07000010037',NULL,'Primatologist whose groundbreaking studies of chimpanzees reshaped our understanding of primates.','41000000-0000-0000-0000-000000000004','41000000-0000-0000-0000-000000000004','active',NULL,NULL,v_ts,v_ts),
('60000000-0000-0000-0000-000000000038','Carl Sagan','carl.sagan@example.com','07000010038',NULL,'Astronomer and science communicator who made the cosmos accessible to the public.','41000000-0000-0000-0000-000000000004','41000000-0000-0000-0000-000000000004','inactive',NULL,NULL,v_ts,v_ts),
('60000000-0000-0000-0000-000000000039','Stephen Hawking','stephen.hawking@example.com','07000010039',NULL,'Theoretical physicist who advanced our understanding of black holes and the nature of the universe.','41000000-0000-0000-0000-000000000004','41000000-0000-0000-0000-000000000004','inactive',NULL,NULL,v_ts,v_ts),
('60000000-0000-0000-0000-000000000040','Ada Lovelace','ada.lovelace@example.com','07000010040',NULL,'First computer programmer; her notes on the Analytical Engine contained the first algorithm.','41000000-0000-0000-0000-000000000004','41000000-0000-0000-0000-000000000004','inactive',NULL,NULL,v_ts,v_ts),
('60000000-0000-0000-0000-000000000041','Alan Turing','alan.turing@example.com','07000010041',NULL,'Mathematician and codebreaker whose work on the Turing Test shaped modern artificial intelligence.','41000000-0000-0000-0000-000000000004','41000000-0000-0000-0000-000000000004','active',NULL,NULL,v_ts,v_ts),
('60000000-0000-0000-0000-000000000042','Harriet Tubman','harriet.tubman@example.com','07000010042',NULL,'Abolitionist and Underground Railroad conductor who led countless enslaved people to freedom.','41000000-0000-0000-0000-000000000004','41000000-0000-0000-0000-000000000004','inactive',NULL,NULL,v_ts,v_ts),
('60000000-0000-0000-0000-000000000043','Frederick Douglass','frederick.douglass@example.com','07000010043',NULL,'Orator, writer, and former slave who championed civil rights and abolition.','41000000-0000-0000-0000-000000000004','41000000-0000-0000-0000-000000000004','inactive',NULL,NULL,v_ts,v_ts),
('60000000-0000-0000-0000-000000000044','Susan B. Anthony','susan.b.anthony@example.com','07000010044',NULL, 'Women suffrage activist and co‑founder of the National American Woman Suffrage Association.','41000000-0000-0000-0000-000000000004','41000000-0000-0000-0000-000000000004','inactive',NULL,NULL,v_ts,v_ts),
('60000000-0000-0000-0000-000000000045','Thomas Edison','thomas.edison@example.com','07000010045',NULL,'Inventor of the practical incandescent light bulb and countless other devices.','41000000-0000-0000-0000-000000000004','41000000-0000-0000-0000-000000000004','inactive',NULL,NULL,v_ts,v_ts),
('60000000-0000-0000-0000-000000000046','Nikola Tesla','nikola.tesla@example.com','07000010046',NULL,'Inventor of alternating current electrical systems and visionary of future technologies.','41000000-0000-0000-0000-000000000004','41000000-0000-0000-0000-000000000004','inactive',NULL,NULL,v_ts,v_ts),
('60000000-0000-0000-0000-000000000047','Amelia Earhart','amelia.earhart@example.com','07000010047',NULL,'Pioneering female aviator who disappeared over the Atlantic during a circumnavigation attempt.','41000000-0000-0000-0000-000000000004','41000000-0000-0000-0000-000000000004','pending',NULL,NULL,v_ts,v_ts),
('60000000-0000-0000-0000-000000000048','Grace Hopper','grace.hopper@example.com','07000010048',NULL,'Computer scientist who developed COBOL and popularized the term “debugging.”','41000000-0000-0000-0000-000000000004','41000000-0000-0000-0000-000000000004','pending',NULL,NULL,v_ts,v_ts);

SET session_replication_role = 'origin'; -- re-enable foreign keys

SET row_security = on;

END $$;